name,slug,id,callSign,tmsid,time_shift
365BLK,365blk,5e20b730f2f8d5003d739db7-6745dca72832b870acf53220,365BLKF,169857,
AsianCrush,asiancrush,5e20b730f2f8d5003d739db7-5eea605474085f0040ddc767,ACRUSH,130620,
AccuWeather NOW,accuweather-now-2,5e20b730f2f8d5003d739db7-6151d74593dbf246f0843f01,ACUWNW,120551,
ALF,alf,5e20b730f2f8d5003d739db7-62d1ecc8e44d39da220722aa,ALF,89311,
All Weddings We TV,all-weddings-we-tv,5e20b730f2f8d5003d739db7-60de0520281b17002cd1d4c4,ALLWED,117227,
AMC en Español,amc-en-espanol,5e20b730f2f8d5003d739db7-62d1efa6c33948ea4ceedbcf,AMCNESP,125090,
Stories by AMC,stories-by-amc,5e20b730f2f8d5003d739db7-5fc705e2a2236e002d69f3ba,AMCPRES,115539,
AMC Thrillers,amc-thrillers,5e20b730f2f8d5003d739db7-5fc705e2a2236e002d69f36d,AMCRSH,115678,
ANIME x HIDIVE,anime-x-hidive-2,5e20b730f2f8d5003d739db7-63dea56a2a2abb171ff6dadf,ANIMEH,132816,
BBC News (North America),bbc-news-north-america,5e20b730f2f8d5003d739db7-646fab0e43d6d6838db81a6a,BBCWDE,101443,
Bloomberg TV,bloomberg-tv-2,5e20b730f2f8d5003d739db7-61d73ab0a7b7c7f703418516,BLOOM4K,114666,
Bounce XL,bouncexl,5e20b730f2f8d5003d739db7-623d9b0370560b72147a994a,BOUNSTR,120372,
CBC News,cbc-news-international,5e20b730f2f8d5003d739db7-64c91830ea7db2f52688c52c,CBCINT,124721,
Cheddar,cheddar-news,5e20b730f2f8d5003d739db7-5f6b8e5900b0950040d0f2af,CHEDSTR,101103,
Stingray Classica Stream,stingray-classica-stream,5e20b730f2f8d5003d739db7-62d7f68fb19cbf65dc7bef7d,CLA008A,122326,
Comedy Dynamics,comedy-dynamics,5e20b730f2f8d5003d739db7-5efe1de5e0b3f5003f5d9f76,COMCLN,115447,
Court TV,court-tv,5e20b730f2f8d5003d739db7-6245d867ddf1ba983d5b8bf8,COURTST,123605,
Curiosity NOW,curiosity-now-5,5e20b730f2f8d5003d739db7-64831c8be3541c909e96d240,CURINOW,123667,
Dog Whisperer,dog-whisperer,5e20b730f2f8d5003d739db7-652a8b001b5c74bc83cf727c,DOGWHSP,147688,
Dove,dove-channel,5e20b730f2f8d5003d739db7-5efe1de8e0b3f5003f5d9f91,DOVESTR,110480,
The Ed Sullivan Show,the-ed-sullivan-show,5e20b730f2f8d5003d739db7-640205c68ecb41f2d89d5814,EDSSHOW,135306,
El Rey Rebel,el-rey-rebel,5e20b730f2f8d5003d739db7-6335ad3170dc93c71ab5ce09,ELREYST,124328,
FanDuel TV Extra,fanduel-tv-extra-2,5e20b730f2f8d5003d739db7-64e9f17c7511e20e999d6c34,FDTVX,145517,
FOX SOUL,fox-soul,5e20b730f2f8d5003d739db7-6377e8c513bb6b1757e14693,FOXSOUL,119212,
Farscape,farscape,5e20b730f2f8d5003d739db7-635195e9ccee3e1547a8831a,FSCAPE,130175,
Fubo Sports Network,fubo-sports-network,5e20b730f2f8d5003d739db7-5fc705f68aba71002d8b7b37,FUBOSNX,121984,
FUEL TV,fuel-tv-4,5e20b730f2f8d5003d739db7-62d15f16001c04178f555e40,FUEL,116115,
FOX Weather,fox-weather,5e20b730f2f8d5003d739db7-6351b29cb940534786b2ec17,FWX,121307,
9 Story Presents: Garfield and Friends,9-story-presents-garfield-and-friends,5e20b730f2f8d5003d739db7-6745dca72832b870acf5321f,GFDNFRD,155811,
The Grio,grio-ott,5e20b730f2f8d5003d739db7-5fe27da18cdd46002d85efed,GRIOOTT,116018,
Grit Xtra,grit-xtra,5e20b730f2f8d5003d739db7-62b45f15b4508e0eedacdf25,GRITX,124040,
GameTVGO,gametvgo-2,5e20b730f2f8d5003d739db7-64d2bdf1b18b113e0c610113,GTVGO,165441,
GUSTOTV,gusto-tv,5e20b730f2f8d5003d739db7-5f8746eabd529300418246d9,GUSTOTV,111140,
HBCUGO SPORTS,hbcugo-sports,5e20b730f2f8d5003d739db7-631a212e82b744e0309aa56e,HBCUGO,128535,
Home.Made.Nation,home-made-nation,5e20b730f2f8d5003d739db7-5f74cf82ffbe690040689f47,HMN,113673,
IFC Films Picks,ifc-films-picks,5e20b730f2f8d5003d739db7-5fc705eb052f6f002ef46057,IFCFILM,115677,
Slightly Off IFC,slightly-off-ifc,5e20b730f2f8d5003d739db7-5fc705eea2236e002d69f5ae,IFCOFF,116019,
Ion Mystery,ion-mystery,5e20b730f2f8d5003d739db7-62b45f15b4508e0eedacdf26,IMYSSTR,123651,
Infamous TV,mob-tv,5e20b730f2f8d5003d739db7-61fb10e8fe90430654c57530,INFMSTV,122376,
ION Plus,ion-plus-streaming,5e20b730f2f8d5003d739db7-627e347795b0f50af26d78f9,IONPSTR,117518,
ION,ion-streaming,5e20b730f2f8d5003d739db7-624c37af6281708eabbbe26b,IONSTR,122912,
Laff More,laff-more,5e20b730f2f8d5003d739db7-648095b14e104622d093d902,LAFFTV,137609,
Court TV Legendary Trials,court-tv-legendary-trials,5e20b730f2f8d5003d739db7-648095ad190e97d15c3470e9,LEGTRI,137506,
LiveNOW from FOX,livenow-from-fox,5e20b730f2f8d5003d739db7-6377ea0e13bb6b1757e14695,LIVENOW,119219,
Lone Star,lone-star,5e20b730f2f8d5003d739db7-6196c9241d310bf925e02616,LS,115226,
Midnight Pulp,midnight-pulp,5e20b730f2f8d5003d739db7-5ef4e1b40d9ad000423c4427,MPULP,124312,
MSG SportsZone,msg-sportszone,5e20b730f2f8d5003d739db7-63b5df3f27159bc9de3062aa,MSGZONE,132782,
MotorTrend FAST TV,motortrend-fast-tv,5e20b730f2f8d5003d739db7-6373bfe48e2036e4410ddb82,MTFAST,126737,
Nashville,nashville,5e20b730f2f8d5003d739db7-6087ff3ae99ff1002ce1465b,NASH,118859,
NBC News NOW,nbc-news-now,5e20b730f2f8d5003d739db7-5fc70600dd53a6002d8f93ca,NBCNN,114174,
Stingray Naturescape,stingray-naturescape,5e20b730f2f8d5003d739db7-60d324f59adce5002c41dbc5,NESCAPP,115729,
NESN NATION,nesn-nation,5e20b730f2f8d5003d739db7-6759a32270e41582b1b7a236,NESNNAT,166712,
NFL Channel,nfl-channel,5e20b730f2f8d5003d739db7-61e805952502a7a6fa84d70f,NFLDC1,121705,
Non-Stop '90s,non-stop-90s,5e20b730f2f8d5003d739db7-65bd5a538314c24e11553543,NS90S,151830,
Outlaw,outlaw,5e20b730f2f8d5003d739db7-66213052abd90e037ccd1fe4,OUTLW,157277,
TODAY All Day,today-all-day,5e20b730f2f8d5003d739db7-5fc70600598c41002da3dd39,PK20,114138,
So... Real,so-real,5e20b730f2f8d5003d739db7-5f0ff262d71dcb00449ec012,REALSTR,114871,
RetroCrush,retrocrush,5e20b730f2f8d5003d739db7-5ef4e1b40d9ad000423c442a,RRCRUSH,119355,
REVOLT Mixtape,revolt-mixtape-2,5e20b730f2f8d5003d739db7-634aa92e543c280baa13d91d,RVLTMXT,129774,
Screambox TV,screambox-tv,5e20b730f2f8d5003d739db7-641db53c2f7a0fca29488c99,SBOXTV,116607,
Scares by Shudder,scares-by-shudder-3,5e20b730f2f8d5003d739db7-650b38f490baad1963ad96f9,SBSHUDD,145846,
Scripps News,newsy,5e20b730f2f8d5003d739db7-5fc705dda2236e002d69f211,SCNEWST,120010,
Stingray Greatest Holiday Hits,stingray-greatest-holiday-hits,5e20b730f2f8d5003d739db7-61aa97d4113e1e5137fd5325,SM047D,113306,
Stingray Karaoke,stingray-karaoke-5,5e20b730f2f8d5003d739db7-5fc705daa2236e002d69f108,SMUS67,110657,
Qello Concerts,qello-concerts,5e20b730f2f8d5003d739db7-5fe27da28c198b002d179199,SMUS68,113296,
SportsGrid,sportsgrid,5e20b730f2f8d5003d739db7-5ef11485d33ab9004048a1ca,SPOGRID,112732,
The Bob Ross Channel,the-bob-ross-channel,5e20b730f2f8d5003d739db7-5efe1de6e0b3f5003f5d9f88,TBRCSTR,114491,
Tastemade,tastemade,5e20b730f2f8d5003d739db7-5ef51c802ddee5003f1c0225,TMFRE16,112480,
The Walking Dead Universe,the-walking-dead-universe-2,5e20b730f2f8d5003d739db7-5fc705ff2f220e002d5e6bce,TWDU,115540,
Vevo 2K,vevo-2k,5e20b730f2f8d5003d739db7-615593004054ee0a9771147a,VV2K,121125,
Vevo '70s,vevo-70s-2,5e20b730f2f8d5003d739db7-61559303fa828e7f1a0ccfbd,VV70,121122,
Vevo '80s,vevo-80s,5e20b730f2f8d5003d739db7-615700a23a4a316ad53ad716,VV80,121123,
Vevo '90s,vevo-90s,5e20b730f2f8d5003d739db7-61559301bcb11028da48b065,VV90,121124,
Vevo Country,vevo-country,5e20b730f2f8d5003d739db7-632997b7b73f82d6e2ad3b68,VVC,120902,
Vevo Hip-Hop,vevo-hip-hop,5e20b730f2f8d5003d739db7-632997b7f79ba3e1368f8b97,VVHH,120900,
Vevo Pop,vevo-pop,5e20b730f2f8d5003d739db7-616743c63727d6d85751802a,VVP,115694,
All Reality We TV,all-reality-we-tv,5e20b730f2f8d5003d739db7-5fc705ff2f220e002d5e6bec,WEREAL,115679,
Paranormal Files,paranormal-files,5e20b730f2f8d5003d739db7-65e87f35335524a69e8e0ce0,XPLPF,147639,
Yu-Gi-Oh!,yu-gi-oh-6,5e20b730f2f8d5003d739db7-6617f52f0049fcb8e2b0d5b8,YUGIOH,155772,
Euronews,euronews,5e20b730f2f8d5003d739db7-60089d90f682a3002c348299,,19039,
KMGH,kmgh,5e20b730f2f8d5003d739db7-6578a9dcfb1a19389c93fc7b,,33903,
Smooth Jazz,smooth-jazz,5e20b730f2f8d5003d739db7-62ee784852f7d73061eec493,,45219,
Soul Storm,soul-storm,5e20b730f2f8d5003d739db7-61aaa17a784a2161d3caf801,,67563,
Hip-Hop/R&B,hip-hop-randb,5e20b730f2f8d5003d739db7-62ee7ae2271f393d2d9f709e,,67564,
Easy Listening,easy-listening,5e20b730f2f8d5003d739db7-62ee76b5271f393d2d9f709a,,67573,
Nothin' But 90s,nothin-but-90s,5e20b730f2f8d5003d739db7-62f13eeded056a1db9ef3d54,,68620,
The Spa,the-spa,5e20b730f2f8d5003d739db7-62f11395586633e88e3a3274,,68632,
Éxitos del Momento,exitos-del-momento,5e20b730f2f8d5003d739db7-62efba6588a16bb7d6b6fb58,,68639,
Y2K,y2k,5e20b730f2f8d5003d739db7-62ee72cc271f393d2d9f7098,,68686,
TRACE Urban,trace-urban,5e20b730f2f8d5003d739db7-6322658be67cf9cd9011fcda,,71760,
Clic,clic,5e20b730f2f8d5003d739db7-6469502df73356567a64ce8e,,92197,
Euro Hits,euro-hits,5e20b730f2f8d5003d739db7-62ee74af52f7d73061eec491,,95855,
Corazón,corazon,5e20b730f2f8d5003d739db7-64694d52f73356567a64ce8c,,100594,
Azteca Internacional,azteca-internacional,5e20b730f2f8d5003d739db7-646d06c9b09f13b2d8af68d8,,100599,
Estrella TV,estrella-tv,5e20b730f2f8d5003d739db7-60089d98f682a3002c34829f,,102236,
CBS News,cbs-news,5e20b730f2f8d5003d739db7-6571f43a1d2aae780d597196,,104846,
CBS Sports HQ,cbs-sports-hq-2,5e20b730f2f8d5003d739db7-657107dc56226238740fcc2d,,108919,
Law & Crime,law-and-crime,5e20b730f2f8d5003d739db7-5eea605674085f0040ddc79d,,109553,
Entertainment Tonight,entertainment-tonight,5e20b730f2f8d5003d739db7-6578bb741a12778a8550d158,,110291,
Shout! TV,shout-tv,5e20b730f2f8d5003d739db7-60d4edd6b2fdec002c141127,,111132,
PursuitUP,pursuitup,5e20b730f2f8d5003d739db7-63628eb88e4b18ca22f897dc,,112487,
Electric Now,electric-now,5e20b730f2f8d5003d739db7-5f170d61b898490041b49360,,112797,
Alien Nation by DUST,alien-nation-by-dust-2,5e20b730f2f8d5003d739db7-63d6f799a9e88ee909e7ee21,,112881,
Hit List,hit-list,5e20b730f2f8d5003d739db7-61aaa014784a2161d3caf7fd,,113299,
Hot Country,hot-country,5e20b730f2f8d5003d739db7-61aa9e73784a2161d3caf7f9,,113300,
Alternative,alternative,5e20b730f2f8d5003d739db7-62efbb8652f7d73061eec498,,113301,
Pop Adult,pop-adult,5e20b730f2f8d5003d739db7-62ee7992271f393d2d9f709c,,113302,
Classic Rock,classic-rock,5e20b730f2f8d5003d739db7-61aaa0cc784a2161d3caf7ff,,113303,
Remember the ‘80s,remember-the-80s,5e20b730f2f8d5003d739db7-61aa9f50784a2161d3caf7fb,,113304,
Flashback 70s,flashback-70s,5e20b730f2f8d5003d739db7-62f15810a3ffe928ef806c75,,113308,
Unity in Black by kweliTV,unity-in-black-by-kwelitv,5e20b730f2f8d5003d739db7-666357257ce166787145c6ab,,113388,
TRACE Latina,trace-latina,5e20b730f2f8d5003d739db7-63226c03e67cf9cd9011fcdf,,113402,
BUZZR,buzzr,5e20b730f2f8d5003d739db7-66a2d71b0b91165254efdb40,,113452,
Yahoo Finance,yahoo-finance,5e20b730f2f8d5003d739db7-5f170f01b898490041b49dd1,,113674,
Crime 360,crime-360,5e20b730f2f8d5003d739db7-5f74cf7effbe690040689f41,,113780,1
MST3K,mst3k,5e20b730f2f8d5003d739db7-60d4eddbb2fdec002c141133,,113781,
Stadium,stadium,5e20b730f2f8d5003d739db7-5f6142d2fc6ce20041ec3c92,,113991,
Outside,outside,5e20b730f2f8d5003d739db7-629e522ed1bc5f1b16c6b98d,,114313,
Movie Music by Stingray,movie-music-by-stingray,5e20b730f2f8d5003d739db7-62fbf197c67d52bddf74cc87,,114642,
Stingray DJAZZ,stingray-djazz,5e20b730f2f8d5003d739db7-62fc0150c67d52bddf74cc89,,114647,
Johnny Carson TV,johnny-carson-tv,5e20b730f2f8d5003d739db7-60d4edd6b2fdec002c141123,,115370,
So Yummy,soyummy,5e20b730f2f8d5003d739db7-6041643175c115002dc5125d,,115674,
Today's K-Pop,todays-k-pop,5e20b730f2f8d5003d739db7-62ee6eae271f393d2d9f7096,,115709,
MOVIESPHERE,moviesphere,5e20b730f2f8d5003d739db7-5fb84bc1b7ad2d002dcb735f,,115944,
Xtreme Outdoor by HISTORY,xtreme-outdoor-by-history,5e20b730f2f8d5003d739db7-5f74cf7effbe690040689f3e,,116101,
Game Show Central,game-show-central,5e20b730f2f8d5003d739db7-5eea605574085f0040ddc782,,116474,-5
News 12 New York,news-12-new-york,5e20b730f2f8d5003d739db7-5fc6f3a62b6f7b002e77ffaa,,116946,
BACKSTAGE,backstage,5e20b730f2f8d5003d739db7-608aec5fa09205002da4f28f,,117060,
Estrella News,estrella-news,5e20b730f2f8d5003d739db7-60089d97f682a3002c34829b,,117478,
The Design Network,the-design-network,5e20b730f2f8d5003d739db7-5f0641d3e8ffda004033b16e,,118087,
Tiny House Nation,tiny-house-nation,5e20b730f2f8d5003d739db7-63c1e176f0f132afc3afbab0,,118456,
Ryan and Friends,ryan-and-friends,5e20b730f2f8d5003d739db7-5f91c4ea96a391002df9a664,,118462,
pocket.watch Game-On,pocket-watch-game-on,5e20b730f2f8d5003d739db7-5f91c4ea96a391002df9a661,,118464,
MagellanTV NOW,magellantv-now,5e20b730f2f8d5003d739db7-5f5132e262fe160040f26bf2,,119209,
Nosey,nosey,5e20b730f2f8d5003d739db7-5f0ff262d71dcb00449ec015,,119233,-5
beIN Sports Xtra en Español,bein-sports-xtra-en-espanol,5e20b730f2f8d5003d739db7-64a8903d273b89c4e7396553,,119661,
Antiques Roadshow UK,antiques-roadshow-uk,5e20b730f2f8d5003d739db7-630902bf0417b7074a4ad95c,,120073,-5
BBC Home & Garden,bbc-home-and-garden,5e20b730f2f8d5003d739db7-6308eda9ac9983739c8a29bb,,120074,-5
BBC Food,bbc-food,5e20b730f2f8d5003d739db7-630905af0417b7074a4ad95e,,120076,-5
Classic Doctor Who,classic-doctor-who,5e20b730f2f8d5003d739db7-63068b870bbec3b06755a0ee,,120086,-5
Choppertown,choppertown,5e20b730f2f8d5003d739db7-5ef11487d33ab9004048a1d3,,120283,
beIN SPORTS XTRA,bein-sports-xtra,5e20b730f2f8d5003d739db7-60a53634126de9002e694bc4,,120375,
Are We There Yet?,are-we-there-yet,5e20b730f2f8d5003d739db7-612919784f53e1002c9aa219,,120377,
Billiard TV,billiard-tv,5e20b730f2f8d5003d739db7-6334a8e48a7b2a349d903b8c,,120469,
This Old House,this-old-house,5e20b730f2f8d5003d739db7-62e3232ca105dea9c400e9fe,,120480,
Baywatch,baywatch,5e20b730f2f8d5003d739db7-63e63f20abacad42ed3d1acf,,120491,
Hi-YAH!,hi-yah,5e20b730f2f8d5003d739db7-5f64c4ef35f612003f6ffe30,,120790,
True Crime Now,true-crime-now,5e20b730f2f8d5003d739db7-61ae679103baf19077bbf933,,120802,
Newsmax2,newsmax2,5e20b730f2f8d5003d739db7-5fb81660b7ad2d002dcb7335,,121162,
The Pet Collective,the-pet-collective-2,5e20b730f2f8d5003d739db7-5f170d61b898490041b49369,,121165,
Holiday Movie Favorites by Lifetime,holiday-movie-favorites-by-lifetime,5e20b730f2f8d5003d739db7-63c1e47ef0f132afc3afbab2,,121308,
Waypoint TV,waypoint-tv,5e20b730f2f8d5003d739db7-5fd115b8b7ef8d002dcf1817,,121424,
Maverick Black Cinema,maverick-black-cinema,5e20b730f2f8d5003d739db7-5ef4e1b40d9ad000423c4430,,121534,-5
Supermarket Sweep,supermarket-sweep,5e20b730f2f8d5003d739db7-64b719768ec13d5dcb7e6bb4,,121598,
The Archive,the-archive,5e20b730f2f8d5003d739db7-5eea605674085f0040ddc7a0,,121651,
Real Crime,real-crime-2,5e20b730f2f8d5003d739db7-636d9d2d4ea1109a7d205a70,,121656,
History Hit,history-hit,5e20b730f2f8d5003d739db7-5f74cf83ffbe690040689f50,,121657,
The Price is Right,the-price-is-right,5e20b730f2f8d5003d739db7-63e63d26abacad42ed3d1acd,,121659,
MAVTV Select,mavtv-select,5e20b730f2f8d5003d739db7-5f0641d0e8ffda004033aff4,,121708,
Don't Tell The Bride,dont-tell-the-bride,5e20b730f2f8d5003d739db7-635847d0d3a668f1cafc1f9d,,121714,
REELZ Famous & Infamous,reelz-famous-and-infamous,5e20b730f2f8d5003d739db7-64f0d3ddc2bc9b9001d46ea4,,121781,
Caught in Providence,caught-in-providence,5e20b730f2f8d5003d739db7-61ddcdc03c12aa1e5d320aaf,,121881,
Wanted: Dead or Alive,wanted-dead-or-alive,5e20b730f2f8d5003d739db7-61ddcc6023daf618ed44c29f,,122082,
i24NEWS Updates,i24news-updates,5e20b730f2f8d5003d739db7-61e9af453508a50f84213dd6,,122275,
Portlandia,portlandia,5e20b730f2f8d5003d739db7-61d735fea7b7c7f703418512,,122435,
Swerve Combat,swerve-combat,5e20b730f2f8d5003d739db7-61f04d2bb01a6e8df3f72902,,122436,
Midsomer Murders,midsomer-murders,5e20b730f2f8d5003d739db7-63d6fc71a9e88ee909e7ee23,,122437,-5
People are Awesome,people-are-awesome-2,5e20b730f2f8d5003d739db7-5f0ff263d71dcb00449ec021,,122524,
WildEarth,wildearth,5e20b730f2f8d5003d739db7-60d4edddb2fdec002c141135,,122534,2
True History,true-history,5e20b730f2f8d5003d739db7-614398a08f30fa61e0da7c97,,122536,
The Carol Burnett Show,the-carol-burnett-show,5e20b730f2f8d5003d739db7-60d4edd6b2fdec002c141125,,122609,
USA TODAY,usa-today-news,5e20b730f2f8d5003d739db7-60df3e18541143002f3b8607,,122855,
CineLife,cinelife,5e20b730f2f8d5003d739db7-616df1e90dfa27ee465797fa,,122969,
CBS News Colorado,cbs-news-colorado-2,5e20b730f2f8d5003d739db7-6571f5b31d2aae780d597198,,123120,
AXS TV NOW,axs-tv-now,5e20b730f2f8d5003d739db7-606605549dbfca002d2ae875,,123156,
Torque Presented By History,torque-presented-by-history,5e20b730f2f8d5003d739db7-63c1e64df0f132afc3afbab4,,123423,
Perform by Lifetime,perform-by-lifetime,5e20b730f2f8d5003d739db7-63c1ddfaf0f132afc3afbaae,,123424,-5
Ax Men by History,ax-men-by-history,5e20b730f2f8d5003d739db7-63c1ec0e0aa23f984207af82,,123425,-5
Ice Road Truckers,ice-road-truckers,5e20b730f2f8d5003d739db7-63c97610187b3c9f3581fdf6,,123426,-5
Crime ThrillHer,crime-thrillher,5e20b730f2f8d5003d739db7-63c97b45187b3c9f3581fdfb,,123427,1
Crimes Cults Killers,crimes-cults-killers,5e20b730f2f8d5003d739db7-63c97410187b3c9f3581fdf4,,123430,
UnXplained Zone,unxplained-zone,5e20b730f2f8d5003d739db7-63c9773e187b3c9f3581fdf8,,123431,-5
Deal Zone Presented By History,deal-zone-presented-by-history,5e20b730f2f8d5003d739db7-63c9724c5feb7b9655cb1950,,123432,1
Modern Marvels by History,modern-marvels-by-history,5e20b730f2f8d5003d739db7-63c97da7187b3c9f3581fdfd,,123433,
Degrassi,degrassi,5e20b730f2f8d5003d739db7-636d5aa3dc2c550b145ed422,,123455,-5
Bloomberg Originals,bloomberg-originals,5e20b730f2f8d5003d739db7-61d73c3ca7b7c7f703418518,,123870,
GoUSA TV,gousa-tv-3,5e20b730f2f8d5003d739db7-654d5db7ff9919cc3e31e961,,123897,
ALLBLK Gems,allblk-gems,5e20b730f2f8d5003d739db7-628bb0eafcb403aa62d2317d,,124177,
TED,ted,5e20b730f2f8d5003d739db7-62ab5aabbb869dd0df6a3487,,124221,-5
PokerGO,pokergo,5e20b730f2f8d5003d739db7-64ac687b4192b4e1bab96279,,124268,
The Jamie Oliver Channel,the-jamie-oliver-channel,5e20b730f2f8d5003d739db7-64b7170c4612b1f48e9ad31e,,124329,
Love Stories TV,love-stories-tv,5e20b730f2f8d5003d739db7-64e4351f200cd2f67473e0d2,,124581,-5
Racing America,racing-america,5e20b730f2f8d5003d739db7-61a945156547ba4d6d238dc9,,124630,
Women's Sports Network,womens-sports-network,5e20b730f2f8d5003d739db7-630fa9e577ec3866def38fa2,,124636,
TRACE Brazuca,trace-brazuca,5e20b730f2f8d5003d739db7-6329474265c8569187176338,,124749,
ACCDN,accdn,5e20b730f2f8d5003d739db7-5f8ee3727c75fa002d9e47c1,,124806,
Great British Menu,great-british-menu,5e20b730f2f8d5003d739db7-64704596e536e0faaf10be9b,,124931,
Anger Management,anger-management,5e20b730f2f8d5003d739db7-6303ca568a01b5d4dae57d0e,,125128,
Places & Spaces,places-and-spaces,5e20b730f2f8d5003d739db7-64b7139c8ec13d5dcb7e6bb2,,125151,
ACL Cornhole TV,acl-cornhole-tv-2,5e20b730f2f8d5003d739db7-63504925a97bd70eaef54f01,,125196,
Pac-12 Insider,pac-12-insider,5e20b730f2f8d5003d739db7-646c0dfbfb58444e4e1e262d,,125214,
LOL! Network,lol-network-2,5e20b730f2f8d5003d739db7-628ea9fcffe4cec6361f5310,,125215,-5
RCN Más,rcn-mas,5e20b730f2f8d5003d739db7-6244f2d33ef43121e567cf13,,125383,
VR+,vr,5e20b730f2f8d5003d739db7-65a1d3996475bf522f9256e3,,125419,
Sleuth,sleuth,5e20b730f2f8d5003d739db7-63fe77c753dd274874c49c42,,126323,
Top Gear,top-gear,5e20b730f2f8d5003d739db7-6308f121ac9983739c8a29bd,,126329,
Dance Moms by Lifetime,dance-moms-by-lifetime,5e20b730f2f8d5003d739db7-63ec13cb290593c3fc279f48,,126369,
4UV,4uv,5e20b730f2f8d5003d739db7-64149a3c238e21f260e7844c,,126373,
Military Heroes Presented By History,military-heroes-presented-by-history,5e20b730f2f8d5003d739db7-63ec15d6290593c3fc279f4a,,126439,
Pasión Latina,pasion-latina,5e20b730f2f8d5003d739db7-5f5132e362fe160040f26c18,,126569,
Toon Goggles,toon-goggles-2,5e20b730f2f8d5003d739db7-5f170d60b898490041b49359,,126634,
TG Junior,tg-junior-2,5e20b730f2f8d5003d739db7-5f170d64b898490041b4938f,,126670,
WeatherSpy,weatherspy-2,5e20b730f2f8d5003d739db7-5f0ff266d71dcb00449ec030,,127141,-5
At Home with Family Handyman,at-home-with-family-handyman,5e20b730f2f8d5003d739db7-632270e3e67cf9cd9011fce1,,127174,
Western Bound,western-bound,5e20b730f2f8d5003d739db7-62316e8eb9d292cb4ad7499f,,127279,
PFL MMA,pfl-mma,5e20b730f2f8d5003d739db7-643f0ecd76de2b4015ae6c01,,127399,
FamilyTime,family-time,5e20b730f2f8d5003d739db7-614b82e2fda2ea37754acbb8,,127467,
LOL! Stand Up,lol-stand-up,5e20b730f2f8d5003d739db7-620462434ebc6b3b9a8aed94,,128018,-5
Love Nature,love-nature,5e20b730f2f8d5003d739db7-60995eb136c72d002da7bbcb,,128066,
Gravitas Documentaries,gravitas-documentaries,5e20b730f2f8d5003d739db7-6291409aa0ed9c2b6ae63bae,,128068,
Gravitas Adrenaline,gravitas-adrenaline,5e20b730f2f8d5003d739db7-629141f6a0ed9c2b6ae63bb0,,128069,
Unexplained,unexplained,5e20b730f2f8d5003d739db7-62913be9a0ed9c2b6ae63bac,,128143,
PBS Nature,pbs-nature,5e20b730f2f8d5003d739db7-63506e7747b2355a27e76e7f,,128391,
The Hill TV,the-hill-tv,5e20b730f2f8d5003d739db7-62c4a65788737d6edc1a3626,,128492,
Dark Matter TV,dark-matter-tv,5e20b730f2f8d5003d739db7-5eea605674085f0040ddc7a6,,128542,
Antiques Road Trip,antiques-road-trip,5e20b730f2f8d5003d739db7-6348adc71159f6a5ce819b85,,128545,
PBS Antiques Roadshow,pbs-antiques-roadshow,5e20b730f2f8d5003d739db7-6348ac7090b96ef5e0eb3288,,128546,
Matched Married Meet,matched-married-meet,5e20b730f2f8d5003d739db7-63ec126f9866d8d2120ac75b,,129047,-6
Unbeaten,unbeaten,5e20b730f2f8d5003d739db7-633239caa6615514fb78ecf3,,129048,
NHRA TV,nhra-tv,5e20b730f2f8d5003d739db7-60aeb5cd87f9b1002ce12323,,129130,
Cold Case Files by A&E,cold-case-files-by-aande,5e20b730f2f8d5003d739db7-63f693a3fff2b53dc9ddc8f4,,129137,
INWONDER,inwonder,5e20b730f2f8d5003d739db7-6668b2b5e4f56766e556a413,,129477,
Documentary+,documentary-3,5e20b730f2f8d5003d739db7-62f42e6cad0081c6ef405723,,129672,-5
Canela Cinema,canela-cinema,5e20b730f2f8d5003d739db7-64fba5f3214cf8b3b54b5ecc,,129777,
Canela Telenovelas,canela-telenovelas,5e20b730f2f8d5003d739db7-64e6df6e4a5e9b4cedc6d529,,129781,
Canela Deportes,canela-deportes,5e20b730f2f8d5003d739db7-64fba7b6bb3e0baa5dcc0949,,129783,
Real Stories,real-stories,5e20b730f2f8d5003d739db7-5f74cf83ffbe690040689f4a,,131072,
Wonder,wonder,5e20b730f2f8d5003d739db7-5f74cf83ffbe690040689f4d,,131073,
Real Life,real-families,5e20b730f2f8d5003d739db7-5fd9089d102006002d33c0fc,,131074,
Real Wild,real-wild,5e20b730f2f8d5003d739db7-63584a0cf8e2be1350f802a4,,131075,
Reuters TV,reuters-tv,5e20b730f2f8d5003d739db7-5eea71d65252710041e0ccbc,,131221,
The Biggest Loser,the-biggest-loser,5e20b730f2f8d5003d739db7-6515ff231fc969615e69d170,,131259,
GLORY Kickboxing,glory-kickboxing,5e20b730f2f8d5003d739db7-63f914bffe2c3d32e1a7929f,,131359,
Desi Play TV,desi-play-tv,5e20b730f2f8d5003d739db7-634dddc8a319c6df243f521f,,131393,
Duck Dynasty,duck-dynasty,5e20b730f2f8d5003d739db7-63f688faf615dc7d3f9071f7,,131429,
Overtime,overtime,5e20b730f2f8d5003d739db7-62a388865440744efae8e243,,131737,
Gardening with Monty Don,gardening-with-monty-don,5e20b730f2f8d5003d739db7-63d6f9b67c3070b6e06e0aad,,131923,
Shemaroo Bollywood,shemaroo-bollywood,5e20b730f2f8d5003d739db7-62d1a58e520656fda09e609d,,132109,
Estrella Games,estrella-games,5e20b730f2f8d5003d739db7-64fb9149bb3e0baa5dcc0944,,132456,
Cine EstrellaTV,cine-estrellatv,5e20b730f2f8d5003d739db7-64fb8ec0214cf8b3b54b5ec8,,132491,
CraftsyTV,craftsytv,5e20b730f2f8d5003d739db7-6365779dde08f8eec6c3f21f,,132607,
PickleTV,pickletv,5e20b730f2f8d5003d739db7-63ec0b739866d8d2120ac759,,132608,
Wired2Fish,wired2fish,5e20b730f2f8d5003d739db7-608a2c722957c9002c6a617b,,132644,
CampusLore Sports,campuslore-sports,5e20b730f2f8d5003d739db7-6216ae22c3bbca2de8704f65,,132647,-5
Tribeca Channel,tribeca-channel,5e20b730f2f8d5003d739db7-60ede94f7da2ef002c55ce9b,,132888,
SPEEDVISION,speedvision,5e20b730f2f8d5003d739db7-6349ed0eb1adc4cfa571fd37,,132889,
Love Pets,love-pets,5e20b730f2f8d5003d739db7-63fe7d7eb6312779f56504d3,,133153,
FailArmy,failarmy,5e20b730f2f8d5003d739db7-5eea605574085f0040ddc791,,133321,
Nosey Escándalos,nosey-escandalos,5e20b730f2f8d5003d739db7-6154a863e3e4d9577f96b31a,,133658,-5
CBS Sports Golazo Network,cbs-sports-golazo-network-2,5e20b730f2f8d5003d739db7-6571186d9a46917c0a8f2ddd,,133691,
Trailer Park Boys: The SwearNet Show,trailer-park-boys-the-swearnet-show,5e20b730f2f8d5003d739db7-6348b2cb1159f6a5ce819b89,,133939,
Drag Race Universe,drag-race-universe,5e20b730f2f8d5003d739db7-63fe878ab6312779f56504e1,,133972,
Always Funny,always-funny,5e20b730f2f8d5003d739db7-5ef11486d33ab9004048a1cd,,134109,
Real Disaster Channel,real-disaster-channel,5e20b730f2f8d5003d739db7-64275805efc65caa7e9514d6,,134159,
Crime & Justice,crime-and-justice,5e20b730f2f8d5003d739db7-64224b7a7e28069f56b5d894,,134160,
Property & Reno,property-and-reno,5e20b730f2f8d5003d739db7-6427568defc65caa7e9514d4,,134161,
AfroLandTV,afrolandtv,5e20b730f2f8d5003d739db7-60e737a4ebef9d002c4d0a0c,,134197,-6
SPIN,spin,5e20b730f2f8d5003d739db7-64e4084bb5fc5e016613edd4,,134855,
The Rifleman,the-rifleman,5e20b730f2f8d5003d739db7-64f123008d44f2871135a905,,134959,
OuterSphere by Lionsgate,outersphere-by-lionsgate,5e20b730f2f8d5003d739db7-641496bf238e21f260e7844a,,135167,
Celebrity Name Game,celebrity-name-game,5e20b730f2f8d5003d739db7-640205c40e1daf16b299567e,,135168,
HerSphere by Lionsgate,hersphere-by-lionsgate,5e20b730f2f8d5003d739db7-644c4bc17472b186783f35a0,,135378,
History & Warfare Now,history-and-warfare-now,5e20b730f2f8d5003d739db7-635c5c6ac3585aefbd236576,,135379,
Space Science Now,space-science-now-2,5e20b730f2f8d5003d739db7-63616d4c9fdbf7808e22baee,,135380,
BritBox Mysteries,britbox-mysteries,5e20b730f2f8d5003d739db7-639a0b83812b6c1429f7acd1,,135385,-5
BBC Earth,bbc-earth,5e20b730f2f8d5003d739db7-6414a73254c537d12d8073d7,,135387,-5
OUTtv Proud,outtv-proud,5e20b730f2f8d5003d739db7-64aed1e9c6085b5faf20ee1f,,135510,
Confess by Nosey,confess-by-nosey,5e20b730f2f8d5003d739db7-6438ee5a83766488c3bc9d4d,,135516,
Transformers,transformers,5e20b730f2f8d5003d739db7-644a675d5b1d51b6a8d18607,,135518,
Power Rangers,power-rangers,5e20b730f2f8d5003d739db7-644a69895b1d51b6a8d18609,,135575,
Dungeons & Dragons Adventures,dungeons-and-dragons-adventures,5e20b730f2f8d5003d739db7-653d9d28d3e2e30d889226be,,135576,
Fifth Gear (UK),fifth-gear-uk,5e20b730f2f8d5003d739db7-64106a1075be345a863fe0d7,,135674,
The World Poker Tour,the-world-poker-tour-2,5e20b730f2f8d5003d739db7-66ad6b4fcb5d3b7fb5011c2f,,135701,
Vice News,vice-news,5e20b730f2f8d5003d739db7-635ff8bb66f96b46951ab7f3,,135717,
VICE,vice-2,5e20b730f2f8d5003d739db7-62c47062085f5c338b9c6360,,135718,
OnDemandChina,ondemandchina,5e20b730f2f8d5003d739db7-60d4edd7b2fdec002c14112b,,136273,-5
Beyond Belief,beyond-belief-2,5e20b730f2f8d5003d739db7-64f101b1c4b308f2fe3e7c0c,,136406,-3
Always Funny en Español,always-funny-en-espanol,5e20b730f2f8d5003d739db7-5ef4e1b10d9ad000423c4421,,136735,
Autopista al Cielo,autopista-al-cielo,5e20b730f2f8d5003d739db7-6449369eb3ff17382cae5811,,137067,
Hell's Kitchen & Kitchen Nightmares,hells-kitchen-and-kitchen-nightmares,5e20b730f2f8d5003d739db7-6449369eb3ff17382cae580c,,137068,
Dick Van Dyke,dick-van-dyke,5e20b730f2f8d5003d739db7-6449369eb3ff17382cae5801,,137069,
FilmRise British TV,filmrise-british-tv,5e20b730f2f8d5003d739db7-6449369eb3ff17382cae5808,,137070,
FilmRise Películas Gratis,filmrise-peliculas-gratis,5e20b730f2f8d5003d739db7-6449369eb3ff17382cae57fc,,137071,
Forensic Files,forensic-files,5e20b730f2f8d5003d739db7-6449369f243fbe342a9c0b4d,,137072,
FilmRise Sci-Fi,filmrise-sci-fi,5e20b730f2f8d5003d739db7-6449369eb3ff17382cae580d,,137073,
FilmRise True Crime,filmrise-true-crime,5e20b730f2f8d5003d739db7-646e489b58898bf3be94b325,,137074,
FilmRise Anime,filmrise-anime,5e20b730f2f8d5003d739db7-6449369eb3ff17382cae5819,,137075,
FilmRise Series Gratis,filmrise-series-gratis,5e20b730f2f8d5003d739db7-6449369eb3ff17382cae5803,,137077,
Dr. G: Medical Examiner,dr-g-medical-examiner,5e20b730f2f8d5003d739db7-6449369eb3ff17382cae5807,,137078,
FilmRise Kids,filmrise-kids,5e20b730f2f8d5003d739db7-6449369eb3ff17382cae57ff,,137079,
Heartland,heartland,5e20b730f2f8d5003d739db7-6449369eb3ff17382cae5806,,137080,
FilmRise Crímenes Verdaderos,filmrise-crimenes-verdaderos,5e20b730f2f8d5003d739db7-6449369f243fbe342a9c0b4e,,137081,
FilmRise Concursos de Cocina,filmrise-concursos-de-cocina,5e20b730f2f8d5003d739db7-6449369eb3ff17382cae5802,,137082,
Unsolved Mysteries,unsolved-mysteries,5e20b730f2f8d5003d739db7-6449369eb3ff17382cae5816,,137083,
FilmRise Western,filmrise-western,5e20b730f2f8d5003d739db7-6449369eb3ff17382cae57fd,,137085,
Free Movies Plus,free-movies-plus,5e20b730f2f8d5003d739db7-636d46934ea1109a7d205a55,,137352,
T2,t2,5e20b730f2f8d5003d739db7-65944d40cbc51b25e5070a18,,137752,
party tyme karaoke,party-tyme-karaoke,5e20b730f2f8d5003d739db7-5eea605674085f0040ddc7ac,,137854,
Ghost Hunters Channel,ghost-hunters-channel,5e20b730f2f8d5003d739db7-64e405b42b16ff56feb98444,,137994,-5
Sweet Escapes,sweet-escapes,5e20b730f2f8d5003d739db7-66a1acc577649467da169f0c,,138027,
Crime Scenes,crime-scenes,5e20b730f2f8d5003d739db7-66a2bfe594b6a49cb5054d75,,138028,
At the Movies,at-the-movies,5e20b730f2f8d5003d739db7-66a2c1370b91165254efdb3c,,138029,
Ghosts Are Real,ghosts-are-real,5e20b730f2f8d5003d739db7-66a294d3e1a2934adfe851f5,,138030,
How To,how-to,5e20b730f2f8d5003d739db7-66a1aa319101f360242499a8,,138031,
Mysterious Worlds,mysterious-worlds,5e20b730f2f8d5003d739db7-66a1af9677649467da169f12,,138032,
Unique Lives,unique-lives,5e20b730f2f8d5003d739db7-66a1ac4877649467da169f0a,,138033,
Paws & Claws,paws-and-claws,5e20b730f2f8d5003d739db7-66a2818ce1a2934adfe851e5,,138036,
ElectricNOW en Español,electricnow-en-espanol,5e20b730f2f8d5003d739db7-6434540bf43c8cfbfdc6e600,,138244,
Family Feud Classic,family-feud-classic,5e20b730f2f8d5003d739db7-64b710b44612b1f48e9ad31a,,138686,
Ninja Kidz TV,ninja-kidz-tv,5e20b730f2f8d5003d739db7-627ec46a92d8e6a705784bd1,,138773,-5
ÚN TV,un-tv,5e20b730f2f8d5003d739db7-65f0de01046e6131ecc31845,,140180,
Zona Investigación,zona-investigacion,5e20b730f2f8d5003d739db7-65f0da6f046e6131ecc31841,,140181,
Cine y Series,cine-y-series-2,5e20b730f2f8d5003d739db7-65f0e049046e6131ecc31847,,140182,
FOX Sports,fox-sports,5e20b730f2f8d5003d739db7-659f04ef27ae392d2e204695,,141469,
Silent Witness|New Tricks,silent-witnessornew-tricks,5e20b730f2f8d5003d739db7-656235425dbccec83a87b645,,141825,
BBC Sci-Fi,bbc-sci-fi,5e20b730f2f8d5003d739db7-65622ac05dbccec83a87b641,,141826,
BBC Game Shows,bbc-game-shows,5e20b730f2f8d5003d739db7-656229e4b7d737841f30a4fb,,141827,
BBC Comedy,bbc-comedy,5e20b730f2f8d5003d739db7-65622fb65dbccec83a87b643,,141828,
BBC Travel,bbc-travel,5e20b730f2f8d5003d739db7-65622eddb7d737841f30a4fd,,141829,
PBS Food,pbs-food,5e20b730f2f8d5003d739db7-650299cdec4e38daa56e9c7c,,142107,
Mythical 24/7,mythical-24-7,5e20b730f2f8d5003d739db7-650b5bb3f4b2d9579946a500,,142109,
AKC.tv,akc-tv,5e20b730f2f8d5003d739db7-63e6381d8895074ec6c78b16,,144550,
Saborear TV,saborear-tv,5e20b730f2f8d5003d739db7-64f0d9a7c2bc9b9001d46ea6,,144963,
Oro TV,oro-tv,5e20b730f2f8d5003d739db7-64f0db77c2bc9b9001d46eaa,,144965,
Lawless,lawless,5e20b730f2f8d5003d739db7-654a6d313713a28d9f0b917f,,145442,
Judge Faith,judge-faith,5e20b730f2f8d5003d739db7-5f5132da62fe160040f26b5b,,145519,
TV One Crime & Justice,tv-one-crime-and-justice,5e20b730f2f8d5003d739db7-65282a6091e77473f1a44ff2,,145680,
Ebony TV by Lionsgate,ebony-tv-by-lionsgate,5e20b730f2f8d5003d739db7-6533de63bd43e1c8b1865152,,146144,
ZenLIFE by Stingray,zenlife-by-stingray,5e20b730f2f8d5003d739db7-6642a07d0e0ec7b4ce5eb294,,146460,
PickleballTV,pickleballtv,5e20b730f2f8d5003d739db7-6583507e0938f2993a23375c,,146769,
Court Sports Network,court-sports-network,5e20b730f2f8d5003d739db7-652875586425fdb1f32d2169,,146962,
JAIL,jail,5e20b730f2f8d5003d739db7-6448ba1baf92c31f4a190c27,,147152,-5
Combat War Channel,combat-war-channel,5e20b730f2f8d5003d739db7-65e87f35335524a69e8e0ce1,,147642,
WAPA+,wapa,5e20b730f2f8d5003d739db7-66e0d0c4f70549a9bc1eceb0,,148054,
Car Chase,car-chase,5e20b730f2f8d5003d739db7-6605be856b034eec533c49ee,,148202,
"Todo Novelas, más Pasiones",todo-novelas-mas-pasiones,5e20b730f2f8d5003d739db7-65257cdf65486aca7aa77716,,148511,
Todo Cine,todo-cine,5e20b730f2f8d5003d739db7-644c446d7472b186783f359e,,148558,
Say Yes to the Dress,say-yes-to-the-dress,5e20b730f2f8d5003d739db7-66a1ae9e77649467da169f0e,,149117,
TMZ,tmz,5e20b730f2f8d5003d739db7-63e2ca44203bafbef831a152,,149408,
iNDIEFLIX,indieflix,5e20b730f2f8d5003d739db7-650b645a526c4c68cd9d02b8,,149696,
Stingray Holidayscapes,stingray-holidayscapes,5e20b730f2f8d5003d739db7-654eb862dde2222e8ba551f1,,149883,
Love Quest,love-quest,5e20b730f2f8d5003d739db7-6515fa752ff655e77635c626,,149920,-5
Strongman Champions,strongman-champions,5e20b730f2f8d5003d739db7-644b13a3a1c0a5b2024c8403,,150219,
Dog the Bounty Hunter,dog-the-bounty-hunter,5e20b730f2f8d5003d739db7-66428faa5116d565e63ae32a,,150981,
Hot Ones,hot-ones-2,5e20b730f2f8d5003d739db7-6582a1316b91be4547aa153c,,151230,
World's Most Evil Killers,worlds-most-evil-killers,5e20b730f2f8d5003d739db7-65829ef26b91be4547aa153a,,151232,
Cheaters en Español,cheaters-en-espanol,5e20b730f2f8d5003d739db7-65623e0eb7d737841f30a4ff,,151233,
The FBI Files,the-fbi-files,5e20b730f2f8d5003d739db7-6582a024a90606db3c841b1b,,151234,
Todo Crimen,todo-crimen,5e20b730f2f8d5003d739db7-666e236ace73ed6023b55a17,,151306,
Mi Casa,mi-casa,5e20b730f2f8d5003d739db7-666e1c83d91d13cb4c8cbb71,,151308,
Buen Viaje,buen-viaje,5e20b730f2f8d5003d739db7-666e15a3ce73ed6023b55a0f,,151309,
Naturaleza,naturaleza,5e20b730f2f8d5003d739db7-666e2178d91d13cb4c8cbb75,,151311,
Operation Repo,operation-repo,5e20b730f2f8d5003d739db7-6578e7b5eef129f30fb38df7,,151312,
Scream Factory TV,scream-factory-tv,5e20b730f2f8d5003d739db7-6351991cccee3e1547a8831e,,151829,-8
Startalk TV,startalk-tv,5e20b730f2f8d5003d739db7-664292a80e0ec7b4ce5eb28c,,152030,
NitroCircusTV,nitrocircustv,5e20b730f2f8d5003d739db7-656fb665cb7e8e6a9bc3f36c,,152974,
Surfer,surfer,5e20b730f2f8d5003d739db7-656fbbd6dbcce28c3a41741b,,152976,
Popular Science,popular-science,5e20b730f2f8d5003d739db7-656fb850cb7e8e6a9bc3f36e,,152977,
Team Liquid,team-liquid,5e20b730f2f8d5003d739db7-656fb965cb7e8e6a9bc3f370,,152978,
Monster Jam,monster-jam,5e20b730f2f8d5003d739db7-6615885e1eabecf2c9d56495,,153411,
Wild West TV,wild-west-tv,5e20b730f2f8d5003d739db7-660df9e0e7dcb14697880bfb,,153591,
Crime Scene TV,crime-scene-tv,5e20b730f2f8d5003d739db7-6615360a8423b8d7e61a099c,,154612,
Go Wild,go-wild,5e20b730f2f8d5003d739db7-6615360a8423b8d7e61a099b,,154613,
Cheaters,cheaters,5e20b730f2f8d5003d739db7-64f115ad2173e54397ce0d40,,154615,
Highway to Heaven,highway-to-heaven-2,5e20b730f2f8d5003d739db7-64f1177d79fd56092f9061bf,,154616,
Women Behind Bars,women-behind-bars,5e20b730f2f8d5003d739db7-6502891e8ebe90c9ed73f7a0,,154619,
Sonic The Hedgehog,sonic-the-hedgehog,5e20b730f2f8d5003d739db7-6615522e50e81fa51eb0df60,,154621,
Strawberry Shortcake,strawberry-shortcake,5e20b730f2f8d5003d739db7-6615522e50e81fa51eb0df62,,154622,
Teletubbies,teletubbies,5e20b730f2f8d5003d739db7-6615522e50e81fa51eb0df61,,154623,
Beyond Paranormal,beyond-paranormal,5e20b730f2f8d5003d739db7-64d2c6acb18b113e0c61012a,,155534,
Journy,journy,5e20b730f2f8d5003d739db7-5f5132df62fe160040f26bc2,,155568,
123GO!,123go,5e20b730f2f8d5003d739db7-63eecb32ac23d1ee072087cb,,156196,
5-Minute Crafts,5-minute-crafts,5e20b730f2f8d5003d739db7-63894c1965b848bf2c8a7800,,156197,
The Asylum,the-asylum,5e20b730f2f8d5003d739db7-6627ab12580825e8a7bc4f04,,156201,
Miramax Movie Channel,miramax-movie-channel,5e20b730f2f8d5003d739db7-661fca34414d94009d1206ec,,157054,
National Lampoon,national-lampoon,5e20b730f2f8d5003d739db7-661fcbcf414d94009d1206ee,,157057,
Death Valley Days,death-valley-days,5e20b730f2f8d5003d739db7-6674b68af04cf4bb9233c916,,157393,
The Boat Show,the-boat-show,5e20b730f2f8d5003d739db7-5efe1de6e0b3f5003f5d9f82,,157506,
Deal Or No Deal,deal-or-no-deal-2,5e20b730f2f8d5003d739db7-6516023b1fc969615e69d172,,157901,
Rig TV,rig-tv,5e20b730f2f8d5003d739db7-66a2d97c94b6a49cb5054d77,,157959,
Nash Bridges,nash-bridges,5e20b730f2f8d5003d739db7-6668b69889c051b3733f9b60,,158128,
The Conners,the-conners,5e20b730f2f8d5003d739db7-6668b7a5e4f56766e556a415,,158129,
DREAD TV,dread-tv-2,5e20b730f2f8d5003d739db7-64a04b8a261d597ce8b4c9ec,,158635,
CW Forever,cw-forever,5e20b730f2f8d5003d739db7-66635fc0ca7b22f4c3a2d743,,159704,
CW Gold,cw-gold,5e20b730f2f8d5003d739db7-66635e41ca7b22f4c3a2d741,,159705,
BET x Tyler Perry Comedy,bet-x-tyler-perry-comedy,5e20b730f2f8d5003d739db7-66635c20ca7b22f4c3a2d73f,,159706,
BET x Tyler Perry Drama,bet-x-tyler-perry-drama,5e20b730f2f8d5003d739db7-66635b07ca7b22f4c3a2d73d,,159707,
Mysteria,mysteria,5e20b730f2f8d5003d739db7-664294d20e0ec7b4ce5eb28e,,160863,
Hello Inspo,hello-inspo,5e20b730f2f8d5003d739db7-664296050e0ec7b4ce5eb290,,160930,
Dr. Phil,dr-phil,5e20b730f2f8d5003d739db7-66e4cbef38de9754b6b13e90,,161356,
TVB Pearl Drama,tvb-pearl-drama,5e20b730f2f8d5003d739db7-65621947b7d737841f30a4f7,,161669,
Spark TV Light & Love,spark-tv,5e20b730f2f8d5003d739db7-614a11bfa6f839154ee3306d,,161702,
Z Nation,z-nation,5e20b730f2f8d5003d739db7-66ce3e009ac0b1441b19ca29,,163834,
A Touch of Frost,a-touch-of-frost,5e20b730f2f8d5003d739db7-6674b595f04cf4bb9233c914,,163839,
Glewed TV,glewed-tv,5e20b730f2f8d5003d739db7-5eea605474085f0040ddc76d,,,
Wu Tang Collection,wu-tang-collection,5e20b730f2f8d5003d739db7-5eea605474085f0040ddc770,,,
KidsFlix,kidsflix,5e20b730f2f8d5003d739db7-5eea605574085f0040ddc797,,,
Kidoodle TV,kidoodle-tv,5e20b730f2f8d5003d739db7-5eea605574085f0040ddc79a,,,
Popstar! TV,popstar-tv,5e20b730f2f8d5003d739db7-5ef11487d33ab9004048a1d6,,,
Revry,revry,5e20b730f2f8d5003d739db7-5ef11487d33ab9004048a1d9,,,
Gravitas Movies,gravitas-movies,5e20b730f2f8d5003d739db7-5efe1de7e0b3f5003f5d9f8e,,,
Cooking Panda,cooking-panda,5e20b730f2f8d5003d739db7-5f07e9fdf313eb0041bbecda,,,
Judge Nosey,judge-nosey,5e20b730f2f8d5003d739db7-5f0ff262d71dcb00449ec018,,,
SKWAD,skwad-2,5e20b730f2f8d5003d739db7-5f170d62b898490041b49374,,,
RevryNews,revrynews,5e20b730f2f8d5003d739db7-5f458dded93f4a0041cb1f63,,,
Runtime,runtime,5e20b730f2f8d5003d739db7-5f47b0b87cb6a400422f9146,,,
Runtime Español,runtime-espanol,5e20b730f2f8d5003d739db7-5f5132e362fe160040f26c15,,,
Humor Mill,humor-mill,5e20b730f2f8d5003d739db7-5fd115b7b7ef8d002dcf1814,,,
24 Hour Free Movies,24-hour-free-movies,5e20b730f2f8d5003d739db7-5fd115bab7ef8d002dcf181d,,,
Hard Knocks,hard-knocks,5e20b730f2f8d5003d739db7-5fd115bdb7ef8d002dcf1820,,,
FreeTV Live,freetv-live,5e20b730f2f8d5003d739db7-6018913ea15130002b28418f,,,
FreeTV Hits,freetv-hits,5e20b730f2f8d5003d739db7-6018913ea15130002b284191,,,
FreeTV Saber Más,freetv-saber-mas,5e20b730f2f8d5003d739db7-6018913ea15130002b284195,,,
FreeTV Sureño,freetv-sureno,5e20b730f2f8d5003d739db7-6018913fa15130002b284197,,,
FreeTV Drama,freetv-drama,5e20b730f2f8d5003d739db7-60240f57676235002df19f47,,,
FreeTV Familia,freetv-familia,5e20b730f2f8d5003d739db7-60240f57676235002df19f49,,,
FreeTV Acción,freetv-accion,5e20b730f2f8d5003d739db7-60240f58676235002df19f4b,,,
Motorvision TV,motorvision-tv,5e20b730f2f8d5003d739db7-603fb593a99efc002dbf90e4,,,
Freebie TV,freebie-tv,5e20b730f2f8d5003d739db7-604bf68f499957002d574f45,,,
FTF Sports,for-the-fans,5e20b730f2f8d5003d739db7-605a309dc5acdc002c7a20aa,,,
TNA Wrestling Channel,tna-wrestling-channel,5e20b730f2f8d5003d739db7-606605549dbfca002d2ae873,,,
Fight Network,fight-network,5e20b730f2f8d5003d739db7-606605549dbfca002d2ae877,,,
The Preview Channel,the-preview-channel,5e20b730f2f8d5003d739db7-608083444363b700366942df,,,
FreeTV Estelar,freetv-estelar-2,5e20b730f2f8d5003d739db7-608b7095a09205002da4f293,,,
GoTraveler,gotraveler,5e20b730f2f8d5003d739db7-60a53634126de9002e694bc2,,,
Poker Night TV,poker-night-tv,5e20b730f2f8d5003d739db7-60afc726623f2f002c5bb49f,,,
Qwest TV,qwest-tv,5e20b730f2f8d5003d739db7-60b0f65c0c8ffb002c821a75,,,
NEW K-POP,new-k-id,5e20b730f2f8d5003d739db7-60d4edd7b2fdec002c14112d,,,
Rakuten Viki,rakuten-viki,5e20b730f2f8d5003d739db7-60d4edd8b2fdec002c14112f,,,
NEW K.MOVIES,new-k-movies,5e20b730f2f8d5003d739db7-60d4eddab2fdec002c141131,,,
BABY SHARK TV,baby-shark-tv,5e20b730f2f8d5003d739db7-60d4eddeb2fdec002c141137,,,
Toony Planet,toony-planet,5e20b730f2f8d5003d739db7-60d4eddfb2fdec002c141139,,,
YG TV,yg-tv,5e20b730f2f8d5003d739db7-60d4ede2b2fdec002c14113b,,,
Made In Hollywood,made-in-hollywood-2,5e20b730f2f8d5003d739db7-60db63d29ec966002c9ea6f0,,,
MHz Now,mhz-now,5e20b730f2f8d5003d739db7-611152a48f945c002c40021a,,,
More U,more-u,5e20b730f2f8d5003d739db7-6112a9139894c8002c6cb87f,,,
Camp Spoopy,camp-spoopy,5e20b730f2f8d5003d739db7-6164a963766ab4f9f57e81b1,,,
SLOPES,slopes,5e20b730f2f8d5003d739db7-616df1be2cf008a748c8cb53,,,
FreeTV Horror,freetv-horror,5e20b730f2f8d5003d739db7-617afafd7ab406f93af02607,,,
Discover Film,discover-film,5e20b730f2f8d5003d739db7-618198fe4e1b6764011b046a,,,
America the Beautiful,america-the-beautiful,5e20b730f2f8d5003d739db7-6182cd0df4e62961d9c2ccf6,,,
Eddie's Wonderland,eddies-wonderland-us,5e20b730f2f8d5003d739db7-618ab1f175913b296fbe56db,,,
COMMUNE,commune,5e20b730f2f8d5003d739db7-618adcbb6769b2b0bcc4c17f,,,
Music Legends,music-legends,5e20b730f2f8d5003d739db7-6196c8c01d310bf925e02615,,,
Trailers From Hell,trailers-from-hell,5e20b730f2f8d5003d739db7-61d738b5a7b7c7f703418514,,,
XFC TV,xfc-tv,5e20b730f2f8d5003d739db7-621670feab2095ca85353ad4,,,
CINEPRIDE,cinepride-2,5e20b730f2f8d5003d739db7-62167144ab2095ca85353ad6,,,
Watch it SCREAM,watch-it-scream-2,5e20b730f2f8d5003d739db7-621671d05abdd3d5556a1baf,,,
Watch it Kid,watch-it-kid-2,5e20b730f2f8d5003d739db7-621672612c2627c068e73ad6,,,
Galxy TV,galxy-tv-2,5e20b730f2f8d5003d739db7-621672e42c2627c068e73ad8,,,
FrightFlix,frightflix-2,5e20b730f2f8d5003d739db7-621674502c2627c068e73ada,,,
El Conflicto TV,el-conflicto-tv-2,5e20b730f2f8d5003d739db7-621674f168c966be92737ce6,,,
Surf Now TV,surf-now-tv,5e20b730f2f8d5003d739db7-6227c215c9f485cc7afe8c41,,,
Unidentified,unidentified,5e20b730f2f8d5003d739db7-6227d1d2c9f485cc7afe8c44,,,
BlackPix,blackpix-2,5e20b730f2f8d5003d739db7-62280644c9f485cc7afe8c48,,,
Samuel Goldwyn Channel,samuel-goldwyn-channel,5e20b730f2f8d5003d739db7-6233ee9222dcc1d9a93916b6,,,
Samuel Goldwyn Classics,samuel-goldwyn-classics,5e20b730f2f8d5003d739db7-6233ef13ce37cac7a278664b,,,
FreeTV Banda,freetv-banda,5e20b730f2f8d5003d739db7-623954128ed2b3b15baecb2c,,,
Very New Mexico by KOAT,very-new-mexico-by-koat,5e20b730f2f8d5003d739db7-624416c4cc4140a6505193e2,,,
Hallmark Movies & More,hallmark-movies-and-more,5e20b730f2f8d5003d739db7-6244cf3c742b0d58cd4f2514,,,
Samuel Goldwyn International,samuel-goldwyn-international,5e20b730f2f8d5003d739db7-624604480e3d6a85f19e37f1,,,
Local Now Denver,local-now-denver,5e20b730f2f8d5003d739db7-62a24da3f7d323d4cc893224,,,
Local Now Downtown Denver,local-now-downtown-denver,5e20b730f2f8d5003d739db7-62aa647bb5520790e10654a8,,,
Local Now Aurora,local-now-aurora,5e20b730f2f8d5003d739db7-62ab793578aca8f235bab1a2,,,
Local Now Washington Park,local-now-washington-park,5e20b730f2f8d5003d739db7-62ab8e67746f38834a14c2ff,,,
Local Now Stapleton,local-now-stapleton,5e20b730f2f8d5003d739db7-62ab906ab77449ade84f3a01,,,
Sonic TV,sonic-tv,5e20b730f2f8d5003d739db7-62ba4aaff663580a7238f327,,,
Fite 24/7,fite-24-7,5e20b730f2f8d5003d739db7-62c8a2d2d774648bcc76a116,,,
Impossible - Quiz Show,impossible-quiz-show,5e20b730f2f8d5003d739db7-6308fa9c0417b7074a4ad959,,,
Christmas Plus,christmas-plus-2,5e20b730f2f8d5003d739db7-634700569d64afa6830d1521,,,
Bigtime - Películas Gratis,bigtime-peliculas-gratis,5e20b730f2f8d5003d739db7-6348969190b96ef5e0eb327a,,,
Grjngo - Western Movies,grjngo-western-movies,5e20b730f2f8d5003d739db7-63489a771159f6a5ce819b7b,,,
Moconomy - Economía y Finanzas,moconomy-economia-y-finanzas,5e20b730f2f8d5003d739db7-63489e1390b96ef5e0eb3280,,,
Grjngo - Películas Del Oeste,grjngo-peliculas-del-oeste,5e20b730f2f8d5003d739db7-63489eff90b96ef5e0eb3282,,,
Moconomy - Economy & Finance Infotainment,moconomy-economy-and-finance-infotainment,5e20b730f2f8d5003d739db7-63489fcd1159f6a5ce819b7d,,,
ARTFLIX - Movie Classics,artflix-movie-classics,5e20b730f2f8d5003d739db7-6348a10d1159f6a5ce819b7f,,,
ARTFLIX - Películas Clásicas,artflix-peliculas-clasicas,5e20b730f2f8d5003d739db7-6348a34c1159f6a5ce819b81,,,
Bigtime - Free Movies,bigtime-free-movies,5e20b730f2f8d5003d739db7-6348a4f190b96ef5e0eb3286,,,
Pitufo TV,pitufo-tv,5e20b730f2f8d5003d739db7-639ba57d3f4612cc150a5723,,,
Jubao,jubao,5e20b730f2f8d5003d739db7-639baa971a12420ff66ae7b1,,,
"Funny Or Die, Inc.",funny-or-die-inc,5e20b730f2f8d5003d739db7-63d08694ab0965e49583e3b2,,,
Brat TV,brat-tv,5e20b730f2f8d5003d739db7-63d6f6c5a9e88ee909e7ee1f,,,
FreeTV Drama Vault,freetv-drama-vault,5e20b730f2f8d5003d739db7-63d84f7715431f0798dd6b66,,,
FreeTV Fantasy,freetv-fantasy,5e20b730f2f8d5003d739db7-63d9496e137315d10db2c806,,,
FreeTV Crime,freetv-crime,5e20b730f2f8d5003d739db7-63d94c5f137315d10db2c808,,,
FreeTV Action,freetv-action,5e20b730f2f8d5003d739db7-63d94f1e137315d10db2c80b,,,
FreeTV Family,freetv-family,5e20b730f2f8d5003d739db7-63d9509f137315d10db2c80d,,,
FreeTV Horror,freetv-horror-2,5e20b730f2f8d5003d739db7-63d954cc308687c7d9baa667,,,
CombaTV,combatv,5e20b730f2f8d5003d739db7-63f0ca427b78030ed9990309,,,
Motorsport.tv,motorsport-tv,5e20b730f2f8d5003d739db7-6408c82eebb23ab878e8ddbb,,,
Anger Management en español,anger-management-en-espanol,5e20b730f2f8d5003d739db7-64149ba2d02609d8a7127ee8,,,
MyTime Movie Network,mytime-movie-network-3,5e20b730f2f8d5003d739db7-644875d7af92c31f4a190bc2,,,
Robot Wars by Mech+,robot-wars-by-mech,5e20b730f2f8d5003d739db7-6470477fe536e0faaf10be9d,,,
Just For Laughs Gags,just-for-laughs-gags,5e20b730f2f8d5003d739db7-64704954e536e0faaf10be9f,,,
Cops en Español,cops-en-espanol,5e20b730f2f8d5003d739db7-6477b95b7ba9c0d593859bfc,,,
FashionTV,fashiontv,5e20b730f2f8d5003d739db7-6490c01f3b3ce9e1aaad95be,,,
WITZ-Comedy TV,witz-comedy-tv,5e20b730f2f8d5003d739db7-6490d0a03b3ce9e1aaad95c0,,,
Ideas En 5 Minutos,ideas-en-5-minutos,5e20b730f2f8d5003d739db7-64a355697d24564fba37bab8,,,
Nolly Africa HD,nolly-africa-hd,5e20b730f2f8d5003d739db7-64b1e1217d4037206787f384,,,
Novelisima,novelisima,5e20b730f2f8d5003d739db7-64d4e82ac5d4668c9cb7b5df,,,
Aliwko,aliwko,5e20b730f2f8d5003d739db7-64d4ee537b323f6abbd19e59,,,
Misterios sin Resolver,misterios-sin-resolver,5e20b730f2f8d5003d739db7-64d79408e5f67b0fab47ff24,,,
Travel Escapes,travel-escapes,5e20b730f2f8d5003d739db7-64e437ba7ef2bf9f66b42615,,,
Cine de Horror,cine-de-horror,5e20b730f2f8d5003d739db7-64e6e2f04a5e9b4cedc6d52b,,,
Cine en Español,cine-en-espanol,5e20b730f2f8d5003d739db7-64e6e46f27a915f9b5184e9a,,,
World's Wildest Police Videos,worlds-wildest-police-videos,5e20b730f2f8d5003d739db7-64f124818d44f2871135a907,,,
Canela Clásicos,canela-clasicos,5e20b730f2f8d5003d739db7-64fba469bb3e0baa5dcc0947,,,
WipeoutXtra,wipeoutxtra,5e20b730f2f8d5003d739db7-6515fb621fc969615e69d16e,,,
McLeods Daughters,mcleods-daughters,5e20b730f2f8d5003d739db7-6515fd4f2ff655e77635c628,,,
Fear Factor,fear-factor,5e20b730f2f8d5003d739db7-651600fb2ff655e77635c62a,,,
Mansa Mix,mansa-mix,5e20b730f2f8d5003d739db7-65282d2615c307b5dfda8bc4,,,
Fork & Flight,fork-and-flight,5e20b730f2f8d5003d739db7-6529ad9dc8221fe0db66c0b3,,,
Investigation,investigation,5e20b730f2f8d5003d739db7-6529b08ece8f0608a50194b5,,,
The Librarians,the-librarians,5e20b730f2f8d5003d739db7-654a8041fa75888bea239718,,,
TruBlu,trublu,5e20b730f2f8d5003d739db7-65621e98b7d737841f30a4f9,,,
The World Poker Tour,the-world-poker-tour-3,5e20b730f2f8d5003d739db7-656fa24bdbcce28c3a417415,,,
Kidz Bop TV,kidz-bop-tv,5e20b730f2f8d5003d739db7-656fb124cb7e8e6a9bc3f36a,,,
C4 en Alerta,c4-en-alerta,5e20b730f2f8d5003d739db7-65b1568052aa31b8f64da064,,,
Made It Myself TV,made-it-myself-tv,5e20b730f2f8d5003d739db7-65b80306e5cf85050598aba4,,,
Hallmark en Español,hallmark-en-espanol,5e20b730f2f8d5003d739db7-65d7b3d2278ed4498289c34b,,,
Movieitaly Channel,movieitaly-channel,5e20b730f2f8d5003d739db7-65d90ec99c7a6da8c3ce57eb,,,
Cricket Gold,cricket-gold,5e20b730f2f8d5003d739db7-65e0c8c6d899afe817b9d224,,,
EarthXtra,earthxtra,5e20b730f2f8d5003d739db7-65f0cae2046e6131ecc3183f,,,
PBS Retro,pbs-retro,5e20b730f2f8d5003d739db7-65fb337f00433c8a0799ce98,,,
80's Sitcom Flashback,80s-sitcom-flashback,5e20b730f2f8d5003d739db7-65fca98c60dc164e8f272332,,,
MLB,mlb,5e20b730f2f8d5003d739db7-65fee252a398630d5911337d,,,
Plex24,plex24,5e20b730f2f8d5003d739db7-66180428e06c9878b6d9d76c,,,
Spark TV Luz y Amor,spark-tv-luz-y-amor,5e20b730f2f8d5003d739db7-661d6a8db518ef381a85ed60,,,
Grace & Frankie,grace-and-frankie,5e20b730f2f8d5003d739db7-6650f18018c60f45135012fa,,,
FIFA+,fifa-4,5e20b730f2f8d5003d739db7-66628d4a8dfc36b8c8a399c4,,,
GREAT! comedy,great-comedy,5e20b730f2f8d5003d739db7-6668c7f889c051b3733f9b63,,,
Ice Pilots NWT,ice-pilots-nwt,5e20b730f2f8d5003d739db7-666e1820ce73ed6023b55a11,,,
Ice Pilots NWT (en español),ice-pilots-nwt-en-espanol,5e20b730f2f8d5003d739db7-666e192cd91d13cb4c8cbb6b,,,
Jade Fever,jade-fever,5e20b730f2f8d5003d739db7-666e1a2bce73ed6023b55a13,,,
La Fiebre del Jade,la-fiebre-del-jade,5e20b730f2f8d5003d739db7-666e1af3d91d13cb4c8cbb6d,,,
Prime Suspect,prime-suspect,5e20b730f2f8d5003d739db7-6674b780f04cf4bb9233c918,,,
The Doctor Blake Mysteries,the-doctor-blake-mysteries,5e20b730f2f8d5003d739db7-6674b983f04cf4bb9233c91b,,,
Unspeakable,unspeakable,5e20b730f2f8d5003d739db7-6674baf1a9c715b93ca6ca90,,,
Untold Stories of the ER,untold-stories-of-the-er,5e20b730f2f8d5003d739db7-6674bc83a9c715b93ca6ca92,,,
LATV,latv,5e20b730f2f8d5003d739db7-6685a97b59703916799193a5,,,
Weeds,weeds,5e20b730f2f8d5003d739db7-66915d35086cb6d46eae12c8,,,
Get.Factual,get-factual,5e20b730f2f8d5003d739db7-6699937717c9985deeb74e39,,,
Welcome Home,welcome-home,5e20b730f2f8d5003d739db7-66a1abb19101f360242499aa,,,
Love & Marriage,love-and-marriage,5e20b730f2f8d5003d739db7-66a1b02777649467da169f14,,,
Family Unscripted,family-unscripted,5e20b730f2f8d5003d739db7-66a2b6ebf7180d8d2ca77f5e,,,
Bizarre Foods with Andrew Zimmern,bizarre-foods-with-andrew-zimmern,5e20b730f2f8d5003d739db7-66a2b83ef7180d8d2ca77f60,,,
Family Feud,family-feud,5e20b730f2f8d5003d739db7-66a2d1390b91165254efdb3e,,,
Mr. Bean,mr-bean,5e20b730f2f8d5003d739db7-66a2e7fe94b6a49cb5054d7b,,,
Designated Survivor,designated-survivor,5e20b730f2f8d5003d739db7-66aa9b7fd8fc59729226073e,,,
CNN Originals,cnn-originals,5e20b730f2f8d5003d739db7-66ad6025cb5d3b7fb5011c2d,,,
MythBusters,mythbusters,5e20b730f2f8d5003d739db7-66b133a8a9ef8c41ec0841aa,,,
Nip/Tuck,nip-tuck,5e20b730f2f8d5003d739db7-66b13485a9ef8c41ec0841ac,,,
Horror Stories,horror-stories,5e20b730f2f8d5003d739db7-66b136d2a9ef8c41ec0841ae,,,
Primetime Soaps,primetime-soaps,5e20b730f2f8d5003d739db7-66b13a1f4893b3d48c72db19,,,
Hit Sitcoms,hit-sitcoms,5e20b730f2f8d5003d739db7-66b13b29a9ef8c41ec0841b0,,,
B/R Sports Network,b-r-sports-network,5e20b730f2f8d5003d739db7-66b140354893b3d48c72db1b,,,
No Reservations,no-reservations,5e20b730f2f8d5003d739db7-66b141e2a9ef8c41ec0841b2,,,
The Jim Rome Show,the-jim-rome-show,5e20b730f2f8d5003d739db7-66b2a9acc0ebb601ab4b1e73,,,
CNN Headlines,cnn-headlines,5e20b730f2f8d5003d739db7-66b4fcc2530e39ea2ee79545,,114958,
Action Hollywood Movies,action-hollywood-movies,5e20b730f2f8d5003d739db7-66be944f8711311880995280,,,
RCM,rcm,5e20b730f2f8d5003d739db7-66bfb17c144c201b8b61c10d,,,
UFC,ufc,5e20b730f2f8d5003d739db7-66ccac69fdf9cd3a568ef135,,,
Naturaleza Salvaje,naturaleza-salvaje,5e20b730f2f8d5003d739db7-66ccb35278822c7edc4b6e01,,,
Corner Gas,corner-gas-2,5e20b730f2f8d5003d739db7-66ce3cf459062698a13c39df,,,
Continuum,continuum,5e20b730f2f8d5003d739db7-66ce3ef09ac0b1441b19ca2b,,,
The Sherlock Holmes Channel,the-sherlock-holmes-channel,5e20b730f2f8d5003d739db7-66ce3fc059062698a13c39e1,,,
FilmRise Action,filmrise-action-2,5e20b730f2f8d5003d739db7-66ea0504c24d95b51b7cd189,,,
FilmRise Classic TV,filmrise-classic-tv-2,5e20b730f2f8d5003d739db7-66ea07049502c5778b828d3f,,,
FilmRise Free Movies,filmrise-free-movies-3,5e20b730f2f8d5003d739db7-66ea085d9502c5778b828d41,,,
FilmRise Horror,filmrise-horror-2,5e20b730f2f8d5003d739db7-66ea09a39502c5778b828d43,,,
Drool,drool,5e20b730f2f8d5003d739db7-66ea0e029502c5778b828d45,,,
Horror by ALTER,horror-by-alter,5e20b730f2f8d5003d739db7-66f5a92352c50d2f62020f38,,,
Hunter,hunter-2,5e20b730f2f8d5003d739db7-66f6b6baac1a1890ef197a4b,,,
21 Jump Street,21-jump-street-2,5e20b730f2f8d5003d739db7-66f6b947515e742745f5ca34,,,
Willow Sports,willow-sports,5e20b730f2f8d5003d739db7-66fbf9cf128ab3f65b259bcb,,,
PLL Network,pll-network-2,5e20b730f2f8d5003d739db7-66fbfd67bde73c589ab2af42,,,
Iron Chef,iron-chef-2,5e20b730f2f8d5003d739db7-6707cfa5da81682f2d1e6837,,,
Iron Chef en español,iron-chef-en-espanol,5e20b730f2f8d5003d739db7-6707d20ab87b5cf57ac33c95,,,
Kim's Convenience,kims-convenience,5e20b730f2f8d5003d739db7-6707d359da81682f2d1e683c,,,
Sheriffs: El Dorado County,sheriffs-el-dorado-county,5e20b730f2f8d5003d739db7-6707dc42da81682f2d1e6846,,,
The Kids in the Hall,the-kids-in-the-hall,5e20b730f2f8d5003d739db7-670858335b42d01c9391e325,,,
The Ellen Channel,the-ellen-channel,5e20b730f2f8d5003d739db7-67182addd5b18813f9d0f1b6,,,
My Little Pony,my-little-pony,5e20b730f2f8d5003d739db7-67182cd9d321899c5dc8a00c,,,
Vidas Extremas,vidas-extremas,5e20b730f2f8d5003d739db7-671833e8d321899c5dc8a00e,,,
Mr. Bean Live Action,mr-bean-live-action,5e20b730f2f8d5003d739db7-671a924b79fce6628115432c,,,
Barney and Friends,barney-and-friends,5e20b730f2f8d5003d739db7-671c1743128bc4121f80aef5,,,
TuWarner,tuwarner,5e20b730f2f8d5003d739db7-671c1a95572427bfa1eb7ecb,,,
Construcciones Asombrosas,construcciones-asombrosas,5e20b730f2f8d5003d739db7-671c1c8f572427bfa1eb7ecd,,,
Bodas +,bodas,5e20b730f2f8d5003d739db7-671c1df4572427bfa1eb7ecf,,,
Aventura,aventura,5e20b730f2f8d5003d739db7-671c1f46572427bfa1eb7ed1,,,
TuDiscovery,tudiscovery,5e20b730f2f8d5003d739db7-671c2065128bc4121f80aef8,,,
Expedientes Sobrenaturales,expedientes-sobrenaturales,5e20b730f2f8d5003d739db7-671c21f5128bc4121f80aefa,,,
Crimen,crimen,5e20b730f2f8d5003d739db7-671c2353572427bfa1eb7ed3,,,
CNÑ XPRESS,cnn-xpress,5e20b730f2f8d5003d739db7-671c246e572427bfa1eb7ed5,,,
The Doctors,the-doctors,5e20b730f2f8d5003d739db7-6720271c727d52d7a0e0b495,,,
The Martha Stewart Channel,the-martha-stewart-channel,5e20b730f2f8d5003d739db7-672948f0297d4ea7584a2e13,,,
The Emeril Lagasse Channel,the-emeril-lagasse-channel,5e20b730f2f8d5003d739db7-67294a601055ef3897c73477,,,
FLOU Detonación,flou-detonacion,5e20b730f2f8d5003d739db7-673675909564224797d5b598,,,
Butaca TV,butaca-tv-2,5e20b730f2f8d5003d739db7-67367a2d9564224797d5b59c,,,
Hot Wheels Action,hot-wheels-action,5e20b730f2f8d5003d739db7-67448316c583cfbd5f0e1d99,,,
Barbie and Friends by Mattel,barbie-and-friends-by-mattel,5e20b730f2f8d5003d739db7-674487c3c583cfbd5f0e1da9,,,
Animation+,animation,5e20b730f2f8d5003d739db7-674f6a6cf44561420465f9f3,,,
Ghost Show and Friends,ghost-show-and-friends,5e20b730f2f8d5003d739db7-6751ec5863fb26e9b8c42e84,,,
The Outpost,the-outpost-2,5e20b730f2f8d5003d739db7-6762ec6a4a292357428c1b59,,,
